MODEL,STD_MODEL,DATASET,COLOR_SPACE,WEIGHTED_LOSS,TRUE_NEGATIVES,FALSE_POSITIVE,FALSE_NEGATIVE,TRUE_POSITIVE,LOSS,ACC,SENSITIVITY,SPECIFITY,PRECISION,F1,AUC,MCC
inception-RGB-LAB-fusion,-1,f-fusion,RGB-LAB,-1,1000,4,507,497,0.5096142662646651,0.7455179282868526,0.4950199203187251,0.9960159362549801,0.9920159680638723,0.6604651162790698,0.7455179282868526,0.5673766127047465
vgg-RGB-LAB-fusion,-1,f-fusion,RGB-LAB,-1,986,18,40,964,0.09692213636773694,0.9711155378486056,0.9601593625498008,0.9820717131474104,0.9816700610997964,0.9707955689828801,0.9711155378486056,0.9424573638376783
efficientnet-RGB-HLS-fusion,-1,f-fusion,RGB-HLS,-1,1001,3,130,874,0.3416660254854782,0.9337649402390438,0.8705179282868526,0.9970119521912351,0.9965792474344356,0.9292929292929293,0.9337649402390438,0.8745548565972671
resnet18-RGB-LAB-fusion,-1,f-fusion,RGB-LAB,-1,1004,0,210,794,0.29913531369883395,0.8954183266932271,0.7908366533864541,1.0,1.0,0.8832035595105673,0.8954183266932271,0.8087250730761819
